{
  "lottery_type": "ssq",
  "n_free_params": 44,
  "effective_dim_90": 12,
  "effective_dim_95": 15,
  "sensitivity": {},
  "param_importance": {
    "markov.base_freq_weight": 0.4557875578913139,
    "timeseries.trend_bonus": 0.4190518150205341,
    "timeseries.window_weights_short": 0.4122193724572841,
    "markov.transition_weight": 0.3823580318789042,
    "statistical.cold_penalty": 0.37538796358944504,
    "ngram.top_k_similar": 0.36556155230017995,
    "timeseries.sum_tolerance": 0.34112434202385383,
    "cooccurrence.window_size": 0.33274939376933,
    "pattern.prime_weight": 0.32873126017304893,
    "pattern.zone_weight": 0.3170368039274308,
    "kalman.measurement_noise": 0.3142426764246348,
    "clustering.n_clusters_max": 0.30968611208725766,
    "cooccurrence.mutual_weight": 0.3089774588838362,
    "statistical.missing_weight": 0.3063479825237729,
    "ngram.adjacent_weight": 0.30266426796881696,
    "cooccurrence.cooccur_threshold": 0.29163454124903626,
    "timeseries.window_weights_mid": 0.2823267369142466,
    "pattern.consecutive_threshold": 0.2813192838173563,
    "xgboost.max_depth": 0.27797409977440823,
    "ml.num_leaves": 0.27619562308442247,
    "statistical.hot_boost": 0.26920243296496194,
    "statistical.freq_weight": 0.2663685427910564,
    "pattern.freq_weight": 0.2616317808427806,
    "montecarlo.sum_sigma_range": 0.2564331148804935,
    "ngram.similarity_threshold": 0.24104857363145726,
    "kalman.trend_weight": 0.23663047202946974,
    "ml.max_depth": 0.23186421831647083,
    "bayesian.recent_weight": 0.22890430908935153,
    "bayesian.missing_weight": 0.2230164339358634,
    "xgboost.n_estimators": 0.21564186584425601,
    "bayesian.prior_strength": 0.2015013278505954,
    "kalman.process_noise": 0.20065000428338908,
    "xgboost.learning_rate": 0.18674103700848113,
    "poisson.freq_weight": 0.18008081327279477,
    "montecarlo.in_range_bonus": 0.17296390414299875,
    "montecarlo.num_simulations": 0.15811728989976873,
    "ml.n_estimators": 0.15283667437676693,
    "pattern.digit_weight": 0.15163415661818572,
    "bayesian.freq_weight": 0.1444955391562948,
    "xgboost.reg_alpha": 0.13814696900205584,
    "poisson.alpha": 0.1146475841685942,
    "xgboost.subsample": 0.09739474761320047,
    "ml.learning_rate": 0.09278957020999098,
    "clustering.n_clusters_min": 0.03376951278702574,
    "timeseries.sum_iterations": 0.0
  },
  "dead_params": [],
  "timestamp": "20260620_004240"
}